<?xml version="1.0" encoding="utf-8"?>
<databaseChangeLog
    xmlns="http://www.liquibase.org/xml/ns/dbchangelog"
    xmlns:xsi="http://www.w3.org/2001/XMLSchema-instance"
    xsi:schemaLocation="http://www.liquibase.org/xml/ns/dbchangelog http://www.liquibase.org/xml/ns/dbchangelog/dbchangelog-3.4.xsd">

    <include file="classpath:config/liquibase/changelog/00000000000000_initial_schema.xml" relativeToChangelogFile="false"/>
    <include file="classpath:config/liquibase/changelog/20170511202349_added_entity_Country.xml" relativeToChangelogFile="false"/>
    <include file="classpath:config/liquibase/changelog/20170511202350_added_entity_State.xml" relativeToChangelogFile="false"/>
    <include file="classpath:config/liquibase/changelog/20170511202351_added_entity_City.xml" relativeToChangelogFile="false"/>
    <include file="classpath:config/liquibase/changelog/20170511202352_added_entity_Location.xml" relativeToChangelogFile="false"/>
    <include file="classpath:config/liquibase/changelog/20170511202353_added_entity_UserType.xml" relativeToChangelogFile="false"/>
    <include file="classpath:config/liquibase/changelog/20170511202354_added_entity_Users.xml" relativeToChangelogFile="false"/>
    <include file="classpath:config/liquibase/changelog/20170511202355_added_entity_ParkingHistory.xml" relativeToChangelogFile="false"/>
    <include file="classpath:config/liquibase/changelog/20170511202356_added_entity_Vehicles.xml" relativeToChangelogFile="false"/>
    <include file="classpath:config/liquibase/changelog/20170511202357_added_entity_RateCard.xml" relativeToChangelogFile="false"/>
    <!-- jhipster-needle-liquibase-add-changelog - JHipster will add liquibase changelogs here -->
    <include file="classpath:config/liquibase/changelog/20170511202349_added_entity_constraints_Country.xml" relativeToChangelogFile="false"/>
    <include file="classpath:config/liquibase/changelog/20170511202350_added_entity_constraints_State.xml" relativeToChangelogFile="false"/>
    <include file="classpath:config/liquibase/changelog/20170511202351_added_entity_constraints_City.xml" relativeToChangelogFile="false"/>
    <include file="classpath:config/liquibase/changelog/20170511202352_added_entity_constraints_Location.xml" relativeToChangelogFile="false"/>
    <include file="classpath:config/liquibase/changelog/20170511202354_added_entity_constraints_Users.xml" relativeToChangelogFile="false"/>
    <include file="classpath:config/liquibase/changelog/20170511202357_added_entity_constraints_RateCard.xml" relativeToChangelogFile="false"/>
    <!-- jhipster-needle-liquibase-add-constraints-changelog - JHipster will add liquibase constraints changelogs here -->
</databaseChangeLog>
