<?xml version="1.0" encoding="utf-8"?>
<databaseChangeLog
    xmlns="http://www.liquibase.org/xml/ns/dbchangelog"
    xmlns:ext="http://www.liquibase.org/xml/ns/dbchangelog-ext"
    xmlns:xsi="http://www.w3.org/2001/XMLSchema-instance"
    xsi:schemaLocation="http://www.liquibase.org/xml/ns/dbchangelog http://www.liquibase.org/xml/ns/dbchangelog/dbchangelog-3.4.xsd
                        http://www.liquibase.org/xml/ns/dbchangelog-ext http://www.liquibase.org/xml/ns/dbchangelog/dbchangelog-ext.xsd">

    <property name="now" value="now()" dbms="h2"/>

    <property name="now" value="now()" dbms="mysql"/>
    <property name="autoIncrement" value="true"/>

    <property name="floatType" value="float4" dbms="postgresql, h2"/>
    <property name="floatType" value="float" dbms="mysql, oracle, mssql"/>

    <!--
        Added the entity City.
    -->
    <changeSet id="20170511202351-1" author="jhipster">
        <createTable tableName="city">
            <column name="id" type="bigint" autoIncrement="${autoIncrement}">
                <constraints primaryKey="true" nullable="false"/>
            </column>
            <column name="city_id" type="integer">
                <constraints nullable="true" />
            </column>

            <column name="city_name" type="varchar(255)">
                <constraints nullable="true" />
            </column>

            <column name="city_code" type="varchar(255)">
                <constraints nullable="true" />
            </column>

            <column name="city_description" type="varchar(255)">
                <constraints nullable="true" />
            </column>

            <column name="state_id" type="bigint">
                <constraints nullable="true" />
            </column>

            <column name="location_id" type="bigint">
                <constraints nullable="true" />
            </column>

            <!-- jhipster-needle-liquibase-add-column - JHipster will add columns here, do not remove-->
        </createTable>
        
    </changeSet>
</databaseChangeLog>
