<?xml version="1.0" encoding="utf-8"?>
<databaseChangeLog
    xmlns="http://www.liquibase.org/xml/ns/dbchangelog"
    xmlns:ext="http://www.liquibase.org/xml/ns/dbchangelog-ext"
    xmlns:xsi="http://www.w3.org/2001/XMLSchema-instance"
    xsi:schemaLocation="http://www.liquibase.org/xml/ns/dbchangelog http://www.liquibase.org/xml/ns/dbchangelog/dbchangelog-3.4.xsd
                        http://www.liquibase.org/xml/ns/dbchangelog-ext http://www.liquibase.org/xml/ns/dbchangelog/dbchangelog-ext.xsd">

    <property name="now" value="now()" dbms="h2"/>

    <property name="now" value="now()" dbms="mysql"/>
    <property name="autoIncrement" value="true"/>

    <property name="floatType" value="float4" dbms="postgresql, h2"/>
    <property name="floatType" value="float" dbms="mysql, oracle, mssql"/>

    <!--
        Added the entity ParkingHistory.
    -->
    <changeSet id="20170511202355-1" author="jhipster">
        <createTable tableName="parking_history">
            <column name="id" type="bigint" autoIncrement="${autoIncrement}">
                <constraints primaryKey="true" nullable="false"/>
            </column>
            <column name="parking_id" type="bigint">
                <constraints nullable="true" />
            </column>

            <column name="vehicle_no" type="varchar(255)">
                <constraints nullable="true" />
            </column>

            <column name="contact_no" type="varchar(255)">
                <constraints nullable="true" />
            </column>

            <column name="intime" type="timestamp">
                <constraints nullable="true" />
            </column>

            <column name="out_time" type="timestamp">
                <constraints nullable="true" />
            </column>

            <column name="in_user" type="varchar(255)">
                <constraints nullable="true" />
            </column>

            <column name="out_user" type="varchar(255)">
                <constraints nullable="true" />
            </column>

            <column name="jhi_cost" type="bigint">
                <constraints nullable="true" />
            </column>

            <!-- jhipster-needle-liquibase-add-column - JHipster will add columns here, do not remove-->
        </createTable>
        <dropDefaultValue tableName="parking_history" columnName="intime" columnDataType="datetime"/>
        <dropDefaultValue tableName="parking_history" columnName="out_time" columnDataType="datetime"/>
        
    </changeSet>
</databaseChangeLog>
