<?xml version="1.0" encoding="utf-8"?>
<databaseChangeLog
    xmlns="http://www.liquibase.org/xml/ns/dbchangelog"
    xmlns:ext="http://www.liquibase.org/xml/ns/dbchangelog-ext"
    xmlns:xsi="http://www.w3.org/2001/XMLSchema-instance"
    xsi:schemaLocation="http://www.liquibase.org/xml/ns/dbchangelog http://www.liquibase.org/xml/ns/dbchangelog/dbchangelog-3.4.xsd
                        http://www.liquibase.org/xml/ns/dbchangelog-ext http://www.liquibase.org/xml/ns/dbchangelog/dbchangelog-ext.xsd">

    <property name="now" value="now()" dbms="h2"/>

    <property name="now" value="now()" dbms="mysql"/>
    <property name="autoIncrement" value="true"/>

    <property name="floatType" value="float4" dbms="postgresql, h2"/>
    <property name="floatType" value="float" dbms="mysql, oracle, mssql"/>

    <!--
        Added the entity UserType.
    -->
    <changeSet id="20170511202353-1" author="jhipster">
        <createTable tableName="user_type">
            <column name="id" type="bigint" autoIncrement="${autoIncrement}">
                <constraints primaryKey="true" nullable="false"/>
            </column>
            <column name="user_type" type="varchar(255)">
                <constraints nullable="true" />
            </column>

            <column name="user_descrption" type="varchar(255)">
                <constraints nullable="true" />
            </column>

            <column name="add_datetime" type="timestamp">
                <constraints nullable="true" />
            </column>

            <column name="add_user_id" type="varchar(255)">
                <constraints nullable="true" />
            </column>

            <column name="update_date_time" type="timestamp">
                <constraints nullable="true" />
            </column>

            <column name="update_user_id" type="varchar(255)">
                <constraints nullable="true" />
            </column>

            <column name="activation" type="bit">
                <constraints nullable="true" />
            </column>

            <!-- jhipster-needle-liquibase-add-column - JHipster will add columns here, do not remove-->
        </createTable>
        <dropDefaultValue tableName="user_type" columnName="add_datetime" columnDataType="datetime"/>
        <dropDefaultValue tableName="user_type" columnName="update_date_time" columnDataType="datetime"/>
        
    </changeSet>
</databaseChangeLog>
