{
    "fluentMethods": true,
    "relationships": [
        {
            "relationshipName": "state",
            "otherEntityName": "state",
            "relationshipType": "many-to-one",
            "otherEntityField": "id"
        },
        {
            "relationshipName": "location",
            "otherEntityName": "location",
            "relationshipType": "many-to-one",
            "otherEntityField": "id"
        }
    ],
    "fields": [
        {
            "fieldName": "cityId",
            "fieldType": "Integer"
        },
        {
            "fieldName": "cityName",
            "fieldType": "String"
        },
        {
            "fieldName": "cityCode",
            "fieldType": "String"
        },
        {
            "fieldName": "cityDescription",
            "fieldType": "String"
        }
    ],
    "changelogDate": "20170511202351",
    "entityTableName": "city",
    "dto": "no",
    "pagination": "no",
    "service": "no"
}