{
    "fluentMethods": true,
    "relationships": [
        {
            "relationshipType": "one-to-many",
            "relationshipName": "country",
            "otherEntityName": "state",
            "otherEntityRelationshipName": "country"
        },
        {
            "relationshipName": "location",
            "otherEntityName": "location",
            "relationshipType": "many-to-one",
            "otherEntityField": "id"
        }
    ],
    "fields": [
        {
            "fieldName": "countryId",
            "fieldType": "Integer"
        },
        {
            "fieldName": "countryName",
            "fieldType": "String"
        },
        {
            "fieldName": "countryCode",
            "fieldType": "String"
        },
        {
            "fieldName": "countryDescription",
            "fieldType": "String"
        }
    ],
    "changelogDate": "20170511202349",
    "entityTableName": "country",
    "dto": "no",
    "pagination": "no",
    "service": "no"
}