{
    "fluentMethods": true,
    "relationships": [
        {
            "relationshipType": "one-to-many",
            "relationshipName": "city",
            "otherEntityName": "city",
            "otherEntityRelationshipName": "location"
        },
        {
            "relationshipType": "one-to-many",
            "relationshipName": "state",
            "otherEntityName": "state",
            "otherEntityRelationshipName": "location"
        },
        {
            "relationshipType": "one-to-many",
            "relationshipName": "country",
            "otherEntityName": "country",
            "otherEntityRelationshipName": "location"
        },
        {
            "relationshipName": "users",
            "otherEntityName": "users",
            "relationshipType": "many-to-one",
            "otherEntityField": "id"
        }
    ],
    "fields": [
        {
            "fieldName": "locationId",
            "fieldType": "Long"
        },
        {
            "fieldName": "locationName",
            "fieldType": "String"
        },
        {
            "fieldName": "locationAddress",
            "fieldType": "String"
        },
        {
            "fieldName": "locationContactNo",
            "fieldType": "String"
        },
        {
            "fieldName": "activation",
            "fieldType": "Boolean"
        },
        {
            "fieldName": "vendorId",
            "fieldType": "Long"
        },
        {
            "fieldName": "addDatetime",
            "fieldType": "ZonedDateTime"
        },
        {
            "fieldName": "addUserId",
            "fieldType": "String"
        },
        {
            "fieldName": "updateDateTime",
            "fieldType": "ZonedDateTime"
        },
        {
            "fieldName": "updateUserId",
            "fieldType": "String"
        }
    ],
    "changelogDate": "20170511202352",
    "entityTableName": "location",
    "dto": "no",
    "pagination": "no",
    "service": "no"
}