{
    "fluentMethods": true,
    "relationships": [],
    "fields": [
        {
            "fieldName": "parkingId",
            "fieldType": "Long"
        },
        {
            "fieldName": "vehicleNo",
            "fieldType": "String"
        },
        {
            "fieldName": "contactNo",
            "fieldType": "String"
        },
        {
            "fieldName": "intime",
            "fieldType": "ZonedDateTime"
        },
        {
            "fieldName": "outTime",
            "fieldType": "ZonedDateTime"
        },
        {
            "fieldName": "inUser",
            "fieldType": "String"
        },
        {
            "fieldName": "outUser",
            "fieldType": "String"
        },
        {
            "fieldName": "cost",
            "fieldType": "Long"
        }
    ],
    "changelogDate": "20170511202355",
    "entityTableName": "parking_history",
    "dto": "no",
    "pagination": "no",
    "service": "no"
}