{
    "fluentMethods": true,
    "relationships": [
        {
            "relationshipType": "one-to-one",
            "relationshipName": "vehicle",
            "otherEntityName": "vehicles",
            "otherEntityField": "id",
            "ownerSide": true,
            "otherEntityRelationshipName": "rateCard"
        },
        {
            "relationshipType": "one-to-one",
            "relationshipName": "vehicles",
            "otherEntityName": "vehicles",
            "otherEntityField": "id",
            "ownerSide": true,
            "otherEntityRelationshipName": "rateCard"
        }
    ],
    "fields": [
        {
            "fieldName": "ratePerHour",
            "fieldType": "Double"
        },
        {
            "fieldName": "extraHour",
            "fieldType": "Double"
        },
        {
            "fieldName": "vendorId",
            "fieldType": "Long"
        },
        {
            "fieldName": "addDatetime",
            "fieldType": "ZonedDateTime"
        },
        {
            "fieldName": "addUserId",
            "fieldType": "String"
        },
        {
            "fieldName": "updateDateTime",
            "fieldType": "ZonedDateTime"
        },
        {
            "fieldName": "updateUserId",
            "fieldType": "String"
        },
        {
            "fieldName": "activation",
            "fieldType": "Boolean"
        }
    ],
    "changelogDate": "20170511202357",
    "entityTableName": "rate_card",
    "dto": "no",
    "pagination": "no",
    "service": "no"
}