{
    "fluentMethods": true,
    "relationships": [
        {
            "relationshipName": "country",
            "otherEntityName": "country",
            "relationshipType": "many-to-one",
            "otherEntityField": "id"
        },
        {
            "relationshipType": "one-to-many",
            "relationshipName": "state",
            "otherEntityName": "city",
            "otherEntityRelationshipName": "state"
        },
        {
            "relationshipName": "location",
            "otherEntityName": "location",
            "relationshipType": "many-to-one",
            "otherEntityField": "id"
        }
    ],
    "fields": [
        {
            "fieldName": "stateId",
            "fieldType": "Integer"
        },
        {
            "fieldName": "stateName",
            "fieldType": "String"
        },
        {
            "fieldName": "stateCode",
            "fieldType": "String"
        },
        {
            "fieldName": "stateDescription",
            "fieldType": "String"
        }
    ],
    "changelogDate": "20170511202350",
    "entityTableName": "state",
    "dto": "no",
    "pagination": "no",
    "service": "no"
}