{
    "fluentMethods": true,
    "relationships": [],
    "fields": [
        {
            "fieldName": "userType",
            "fieldType": "String"
        },
        {
            "fieldName": "userDescrption",
            "fieldType": "String"
        },
        {
            "fieldName": "addDatetime",
            "fieldType": "ZonedDateTime"
        },
        {
            "fieldName": "addUserId",
            "fieldType": "String"
        },
        {
            "fieldName": "updateDateTime",
            "fieldType": "ZonedDateTime"
        },
        {
            "fieldName": "updateUserId",
            "fieldType": "String"
        },
        {
            "fieldName": "activation",
            "fieldType": "Boolean"
        }
    ],
    "changelogDate": "20170511202353",
    "entityTableName": "user_type",
    "dto": "no",
    "pagination": "no",
    "service": "no"
}