{
    "fluentMethods": true,
    "relationships": [
        {
            "relationshipType": "one-to-one",
            "relationshipName": "type",
            "otherEntityName": "userType",
            "otherEntityField": "id",
            "ownerSide": true,
            "otherEntityRelationshipName": "users"
        },
        {
            "relationshipType": "one-to-one",
            "relationshipName": "city",
            "otherEntityName": "city",
            "otherEntityField": "id",
            "ownerSide": true,
            "otherEntityRelationshipName": "users"
        },
        {
            "relationshipType": "one-to-one",
            "relationshipName": "state",
            "otherEntityName": "state",
            "otherEntityField": "id",
            "ownerSide": true,
            "otherEntityRelationshipName": "users"
        },
        {
            "relationshipType": "one-to-one",
            "relationshipName": "country",
            "otherEntityName": "country",
            "otherEntityField": "id",
            "ownerSide": true,
            "otherEntityRelationshipName": "users"
        },
        {
            "relationshipType": "one-to-one",
            "relationshipName": "location",
            "otherEntityName": "location",
            "otherEntityField": "id",
            "ownerSide": true,
            "otherEntityRelationshipName": "users"
        },
        {
            "relationshipType": "one-to-many",
            "relationshipName": "user",
            "otherEntityName": "location",
            "otherEntityRelationshipName": "users"
        }
    ],
    "fields": [
        {
            "fieldName": "userId",
            "fieldType": "Long"
        },
        {
            "fieldName": "fullName",
            "fieldType": "String"
        },
        {
            "fieldName": "username",
            "fieldType": "String"
        },
        {
            "fieldName": "password",
            "fieldType": "String"
        },
        {
            "fieldName": "email",
            "fieldType": "String"
        },
        {
            "fieldName": "contactNo",
            "fieldType": "String"
        },
        {
            "fieldName": "address",
            "fieldType": "String"
        },
        {
            "fieldName": "pincode",
            "fieldType": "Integer"
        },
        {
            "fieldName": "activation",
            "fieldType": "Boolean"
        },
        {
            "fieldName": "vendorId",
            "fieldType": "Long"
        },
        {
            "fieldName": "addDatetime",
            "fieldType": "ZonedDateTime"
        },
        {
            "fieldName": "addUserId",
            "fieldType": "String"
        },
        {
            "fieldName": "updateDateTime",
            "fieldType": "ZonedDateTime"
        },
        {
            "fieldName": "updateUserId",
            "fieldType": "String"
        },
        {
            "fieldName": "parent",
            "fieldType": "Long"
        }
    ],
    "changelogDate": "20170511202354",
    "entityTableName": "users",
    "dto": "no",
    "pagination": "no",
    "service": "no"
}