{
    "fluentMethods": true,
    "relationships": [],
    "fields": [
        {
            "fieldName": "vehicleId",
            "fieldType": "Long"
        },
        {
            "fieldName": "vehiclesType",
            "fieldType": "String"
        },
        {
            "fieldName": "vehiclesDescrtion",
            "fieldType": "String"
        },
        {
            "fieldName": "addDatetime",
            "fieldType": "ZonedDateTime"
        },
        {
            "fieldName": "addUserId",
            "fieldType": "String"
        },
        {
            "fieldName": "updateDateTime",
            "fieldType": "ZonedDateTime"
        },
        {
            "fieldName": "updateUserId",
            "fieldType": "String"
        },
        {
            "fieldName": "activation",
            "fieldType": "Boolean"
        }
    ],
    "changelogDate": "20170511202356",
    "entityTableName": "vehicles",
    "dto": "no",
    "pagination": "no",
    "service": "no"
}