{
  "generator-jhipster": {
    "promptValues": {
      "packageName": "com.parking",
      "nativeLanguage": "en"
    },
    "jhipsterVersion": "4.3.0",
    "baseName": "ionic2sample",
    "packageName": "com.parking",
    "packageFolder": "com/parking",
    "serverPort": "8080",
    "authenticationType": "session",
    "hibernateCache": "no",
    "clusteredHttpSession": false,
    "websocket": false,
    "databaseType": "sql",
    "devDatabaseType": "mysql",
    "prodDatabaseType": "mysql",
    "searchEngine": false,
    "messageBroker": false,
    "serviceDiscoveryType": false,
    "buildTool": "maven",
    "enableSocialSignIn": false,
    "rememberMeKey": "292bf10bf608040e420ef79df3eee30e95b80c12",
    "clientFramework": "angular2",
    "useSass": true,
    "clientPackageManager": "yarn",
    "applicationType": "monolith",
    "testFrameworks": [],
    "jhiPrefix": "jhi",
    "enableTranslation": true,
    "nativeLanguage": "en",
    "languages": [
      "en"
    ]
  }
}